{"count":1,"gauges":{},"self":1209.0382336,"total":3890.9699201,"children":{"AgentResetIfDone":{"count":666684,"self":9.0880184,"total":9.0880181,"children":null},"AgentSendState":{"count":666684,"self":76.3792512,"total":113.96136729999999,"children":{"CollectObservations":{"count":4266784,"self":37.5821152,"total":37.5821144,"children":null}}},"DecideAction":{"count":666684,"self":1899.738112,"total":2518.4503247,"children":{"AgentInfo.ToProto":{"count":266674,"self":158.6116864,"total":618.7122336,"children":{"RayPerceptionSensor.Perceive":{"count":8533568,"self":460.1005568,"total":460.1005489,"children":null}}}}},"AcademyStep":{"count":666684,"self":5.1530096,"total":5.1530094,"children":null},"AgentAct":{"count":666684,"self":35.27784,"total":35.277839,"children":null}}}